W4028426;23.17
W4036126;25.17
W4009713;23.17
W4008992;32.16
W4008990;32.17
W4010396;32.15
W4036125;25.24
W4036127;25.25
W4010376;22.16
W4036139;12.18
W4009661;22.21
W4009668;22.21
W4009676;22.21
W4009680;22.21
W4010379;22.21
W4022098;22.21
W4022105;22.21
W4022109;22.21
W4036135;12.22
W4036671;12.22
W4036130;25.17
W4036116;25.17
W4009622;12.15
W4009706;32.20
W4009715;25.27
W4056183;33.18
W4056305;33.18
W4056268;33.18
W4056317;33.18
W4056336;33.18
W4056316;33.18
W4056301;33.18
W4056278;33.18
W4056184;33.18
W4056276;33.18
W4056245;33.18
W4056264;33.18
W4056322;32.23
W4056295;32.23
W4056200;32.23
W4056308;32.23
W4056340;32.23
W4056263;32.23
W4056192;32.23
W4056257;32.23
W4056196;32.23
W4056289;32.23
W4056283;32.23
W4056275;32.20
W4056253;32.23
W4056329;32.23
W4056243;32.20
W4056307;32.20
W4056272;32.20
W4056309;32.20
W4056254;32.20
W4056293;32.20
W4056281;32.20
W4056259;32.20
W4056273;32.20
W4056319;32.20
W4056320;32.20
W4056297;32.20
W4056345;22.18
W4056267;22.18
W4056334;22.18
W4056330;22.18
W4056271;22.18
W4056174;22.18
W4056348;22.18
W4056333;22.18
W4056290;22.18
W4056285;22.18
W4056262;22.18
W4056318;22.17
W4056189;22.17
W4056251;22.17
W4056286;22.17
W4056270;22.17
W4056346;22.17
W4056195;22.17
W4056274;22.17
W4056246;22.19
W4056337;22.19
W4056190;22.19
W4056341;22.19
W4056269;22.19
W4056173;22.19
W4056332;22.19
W4056277;22.19
W4056187;22.19
W4056344;22.19
W4056280;22.19
W4056302;22.18
W4056313;22.19
W4056304;22.20
W4056300;22.20
W4056255;22.20
W4056242;22.20
W4056244;22.20
W4056327;22.20
W4056261;22.20
W4056298;22.20
W4056186;22.20
W4056328;22.20
W4056266;22.20
W4056310;22.22
W4056260;22.22
W4056282;22.22
W4056180;22.22
W4056256;22.22
W4056250;22.22
W4056284;22.22
W4056177;22.22
W4056252;22.22
W4056181;22.22
W4056199;22.22
W4056198;22.22
W4056326;22.22
W4056294;22.21
W4056279;22.20
W4056265;22.21
W4056331;22.21
W4056325;22.21
W4056338;22.21
W4056176;22.21
W4056179;22.21
W4056178;22.21
W4056185;22.21
W4056323;22.21
W4056347;22.21
W4056335;22.18
W4056258;12.18
W4056188;12.18
W4056191;12.18
W4056303;12.18
W4056306;12.18
W4056291;12.18
W4056311;12.18
W4056312;12.18
W4056343;22.17
W4056194;22.17
W4056324;22.17
W4056248;12.18
W4056321;22.17
W4056315;22.17
W4056197;12.18
W4056247;12.18
W4056201;12.18
W4056182;22.20
W4056342;22.16
W4056175;22.19
W4056299;22.15
W4056339;22.21
W4056296;12.18
W4056314;12.18
W4056726;33.18
W4056744;22.21
W4056534;12.18
W4028359;25.23
W4050314;23.17
W4024906;23.19
W4028357;25.27
W4024909;23.19
W4042030;412
W4022101;23.17
W4042023;412
W4035091;412
W4035695;23.21
W4035700;23.21
W4035710;23.21
W4035713;23.21
W4035714;32.21
W4028177;23.21
W4028185;23.21
W4028360;23.21
W4028418;23.21
W4028419;23.21
W4028420;23.21
W4028427;25.23
W4028425;23.21
W4028423;25.23
W4028428;23.21
W4028431;23.21
W4028432;23.21
W4028435;23.21
W4028436;23.21
W4028447;23.21
W4028450;23.21
W4028459;23.21
W4028460;23.21
W4024904;23.19
W4024905;23.19
W4024907;23.19
W4024908;23.19
W4024910;23.19
W4024911;23.19
W4024912;23.19
W4024913;23.19
W4024914;23.19
W4024915;23.19
W4024916;23.19
W4024917;23.19
W4024918;23.19
W4024919;23.19
W4028449;23.19