W4029967;2.0.19
W4030039;2.0.19
W4030041;2.0.19
W4030051;2.0.19
W4030055;2.0.19
W4030131;2.0.19
W4030139;2.0.19
W4030151;2.0.19
W4030169;2.0.19
W4030181;2.0.19
W4030182;2.0.19
W4030196;2.0.19
W4030236;2.0.19
W4030284;2.0.19
W4030289;2.0.19
W4030290;2.0.19
W4030385;2.0.19
Wv0000001;1.0.22
W4028485;1.0.22
W4027396;1.0.22
W4050317;1.0.22
W4052957;O.21
W4022371;2.1.20
W4022425;1.0.22
W4042485;2.3.19
W4030384;2.3.19
W4030187;2.3.19
W4030053;2.3.19
W4030034;2.3.19
W4030436;2.3.19
W4030122;2.3.19
W4030128;2.3.19
W4030282;2.3.19
W4030148;2.3.19
W4030142;2.3.19
W4030274;2.3.19
W4030150;2.3.19
W4030432;2.2.15
W4030233;2.2.15
W4030228;2.2.15
W4029962;2.2.15
W4030209;2.2.15
W4030224;2.2.15
W4030288;2.2.15
W4030225;2.2.15
W4030270;2.2.15
W4030391;2.2.15
W4030192;2.2.15
W4030121;2.2.15
W4030208;2.2.15
W4030217;2.2.15
W4030241;2.0.20
W4030173;2.0.20
W4030116;2.0.20
W4030144;2.0.20
W4030184;2.0.20
W4030442;2.0.20
W4030052;2.0.20
W4030168;2.3.22
W4030199;2.3.22
W4030296;2.3.22
W4030243;2.3.22
W4030234;2.3.22
W4030198;2.3.22
W4030056;2.3.22
W4030286;2.3.22
W4030138;2.3.22
W4030178;2.3.22
W4030170;2.3.22
W4030153;2.3.22
W4030420;2.3.22
W4030401;2.0.16
W4030186;2.0.16
W4030157;2.0.16
W4030230;2.0.16
W4030441;2.0.18
W4043079;2.0.22
W4042997;2.0.22
W4042976;2.0.22
W4030294;2.0.21
W4030135;2.0.21
W4030137;2.0.21
W4030272;2.0.21
W4030237;2.0.21
W4030175;2.0.21
W4030167;2.0.21
W4030287;2.0.21
W4030403;2.0.21
W4030134;2.0.21
W4030155;2.0.21
W4030130;2.0.21
W4030050;2.0.21
W4030238;2.0.21
W4030229;2.0.21
W4030118;2.0.21
W4029979;2.0.21
W4030180;2.0.21
W4051232;2.0.24
W4051252;2.0.24
W4051231;2.0.24
W4051233;2.0.24
W4051235;2.0.24
W4051226;2.0.24
W4051247;2.0.24
W4051246;2.0.24
W4051234;2.0.24
W4051225;2.0.24
W4051228;2.0.24
W4051239;2.0.24
W4051244;2.0.24
W4030189;2.0.21
W4042988;2.0.23
W4043029;2.0.23
W4030415;2.0.17
W4042487;2.0.23
W4043083;2.0.23
W4043067;2.0.23
W4042969;2.0.23
W4043068;2.0.23
W4043056;2.0.23
W4043019;2.0.23
W4043028;2.0.23
W4042980;2.0.23
W4043061;2.0.23
W4042962;2.0.23
W4043063;2.0.23
W4043002;2.0.23
W4042982;2.0.23
W4043070;2.0.23
W4043044;2.0.23
W4042979;2.0.23
W4043013;2.0.23
W4042971;2.0.23
W4042467;2.0.22
W4030424;2.1.13
W4022361;2.1.16
W4051248;2.1.18
W4030194;2.1.18
W4030160;2.1.18
W4030152;2.1.18
W4029968;2.1.14
W4030426;2.1.19
W4042991;2.1.17
W4042998;2.1.17
W4043011;2.2.13
W4043043;2.2.13
W4043005;2.2.13
W4042963;2.2.13
W4043085;2.2.13
W4042994;2.2.13
W4043066;2.2.13
W4042981;2.2.13
W4043012;2.2.13
W4043036;2.2.13
W4043064;2.2.13
W4043038;2.2.13
W4043027;2.2.13
W4043415;2.2.13
W4043040;2.2.13
W4043073;2.2.13
W4042964;2.2.14
W4043020;2.2.14
W4043057;2.2.14
W4042990;2.2.14
W4043062;2.2.14
W4043089;2.2.14
W4043047;2.2.14
W4043054;2.2.14
W4043041;2.2.14
W4042970;2.2.14
W4043092;2.2.14
W4042995;2.2.14
W4043048;2.2.14
W4042996;2.2.14
W4043049;1.3.21
W4043034;2.2.14
W4043045;2.2.14
W4042966;2.2.14
W4043055;2.2.14
W4043077;2.2.14
W4043010;2.2.22
W4042975;2.2.22
W4043003;2.2.22
W4030227;2.2.22
W4030223;2.2.22
W4030203;2.2.22
W4030221;2.2.22
W4030218;2.2.22
W4030280;2.2.17
W4030172;2.2.17
W4030193;2.2.17
W4030386;2.2.17
W4030410;2.2.17
W4030057;2.2.17
W4030200;2.2.17
W4030120;2.2.17
W4030423;2.2.17
W4030035;2.2.17
W4030136;2.2.17
W4030293;2.2.22
W4042973;2.2.22
W4030129;2.2.17
W4030407;2.2.17
W4029966;2.2.20
W4042469;2.2.24
W4043014;2.2.21
W4030163;2.2.26
W4030273;2.2.26
W4030431;2.1.16
W4030444;2.2.21
W4030434;2.2.19
W4022362;2.2.19
W4030132;2.2.26
W4030427;2.2.21
W4030185;2.2.21
W4022413;2.2.19
W4030183;2.2.21
W4030425;2.2.21
W4030171;2.2.26
W4030197;2.3.13
W4042468;2.3.15
W4030214;2.3.17
W4022483;2.3.14
W4022458;2.3.14
W4030428;2.3.15
W4022486;2.3.16
W4022485;2.3.16
W4022452;2.3.16
W4022408;2.3.16
W4022424;2.3.16
W4022454;2.3.16
W4022470;2.3.16
W4022398;2.3.20
W4022477;2.3.20
W4022427;2.3.20
W4022490;2.3.20
W4022430;2.3.20
W4022447;2.3.20
W4022445;2.3.14
W4022410;2.3.16
W4022379;2.3.20
W4022484;2.3.20
W4022365;2.3.16
W4022421;2.3.16
W4022476;2.3.16
W4022469;2.3.16
W4022446;2.3.20
W4022478;2.3.20
W4051245;2.3.21
W4051243;2.3.21
W4030437;2.3.20
W4051250;2.3.21
W4051237;2.3.21
W4051238;2.3.21
W4051251;2.3.21
W4051253;2.3.21
W4051229;2.3.21
W4022363;2.3.20
W4051242;2.3.21
W4051230;2.3.21
W4051241;2.3.21
W4022397;2.3.20
W4022374;2.3.14
W4022412;2.3.14
W4051236;2.3.21
W4051249;2.3.21
W4030418;2.3.21
W4042977;2.1.31
W4042474;2.1.21
W4030417;2.1.25
W4022370;2.1.23
W4029894;2.0.17
W4030143;2.1.20
W4030383;2.1.20
W4030058;2.0.20
W4030164;2.0.20
W4030409;2.0.20
W4030277;2.0.20
W4030408;2.0.20
W4030133;2.0.20
W4030387;2.0.20
W4030048;2.0.20
W4030235;2.0.20
W4030162;2.0.20
W4042470;2.0.22
W4042473;2.0.22
W4042968;2.0.22
W4043059;2.0.22
W4042999;2.0.22
W4043007;2.0.22
W4043016;2.0.22
W4043076;2.0.22
W4030059;2.0.16
W4043086;2.0.22
W4042986;2.0.22
W4043053;2.0.22
W4042989;2.0.22
W4042978;2.0.22
W4051224;2.0.24
W4051227;2.0.24
W4051240;2.0.24
W4051223;2.0.24
W4043032;2.0.23
W4043081;2.0.22
W4030435;2.0.22
W4042993;2.1.17
W4030429;2.1.16
W4030207;2.1.22
W4030388;2.1.22
W4030292;2.1.22
W4030414;2.1.29
W4030430;2.1.16
W4043065;2.1.25
W4030438;2.1.31
W4030416;2.1.29
W4030212;2.3.13
W4022450;2.3.14
W4022418;2.3.14
W4022494;2.3.14
W4030119;2.3.13
W4030244;2.3.13
W4030275;2.3.13
W4030278;2.3.13
W4030042;2.3.13
W4022414;2.3.14
W4030190;2.3.13
W4022453;2.3.14
W4030127;2.3.13
W4022451;2.3.14
W4029965;2.3.13
W4022419;2.3.14
W4022434;2.3.14
W4030283;2.3.13
W4032277;2.3.13
W4030188;2.3.13
W4022461;2.3.14
W4030147;2.3.13
W4030037;2.3.13
W4022471;2.3.14
W4022366;2.3.14
W4042478;2.3.17
W4038351;2.3.17
W4030226;2.3.17
W4030222;2.3.17
W4030220;2.3.17
W4030211;2.3.17
W4030216;2.3.17
W4030204;2.3.17
W4043088;2.2.22
W4030219;2.3.17
W4030206;2.3.17
W4030202;2.3.17
W4030201;2.3.17
W4030045;2.2.26
W4030154;2.2.26
W4030285;2.2.26
W4030043;2.2.26
W4030242;2.2.26
W4030402;2.2.26
W4030159;2.2.26
W4030161;2.2.26
W4030165;2.2.26
W4030281;2.2.26
W4053993;2.2.26
W4030176;2.2.26
W4030297;2.2.26
W4030271;2.2.26
W4030044;2.2.26
W4030174;2.2.26
W4030047;2.2.26
W4030245;2.3.13
W4043018;1.3.16
W4043075;1.3.16
W4043037;1.3.16
W4042974;1.3.16
W4043039;1.3.16
W4043030;1.3.16
W4043017;1.3.16
W4042984;1.3.16
W4043006;1.3.16
W4043091;1.3.16
W4043050;1.3.16
W4043000;1.3.16
W4042972;1.3.16
W4022364;1.3.21
W4030049;1.3.21
W4043072;1.3.23
W4043001;1.3.23
W4043042;1.3.23
W4043052;1.3.23
W4042480;1.3.23
W4043035;3.3.14
W4042987;3.3.14
W4042983;3.3.14
W4043033;3.3.14
W4043015;3.3.14
W4042985;3.3.14
W4043090;3.3.14
W4043087;3.3.14
W4042967;3.3.14
W4043004;3.3.14
W4043071;3.3.14
W4043031;3.3.14
W4043046;3.3.14
W4043009;3.3.14
W4042961;3.3.14
W4030419;2.0.16
W4042484;1.3.14
W4042490;1.3.13
W4022368;1.3.19
W4030232;3.3.22
W4030166;3.3.22
W4030406;3.3.22
W4030400;3.3.22
W4030205;3.3.22
W4030231;3.3.22
W4030210;3.3.22
W4030239;3.3.22
W4030140;3.3.22
W4030046;3.3.22
W4030149;3.3.22
W4030422;3.3.22
W4030036;1.3.14
W4030146;1.3.14
W4030124;1.3.14
W4042965;1.3.16
W4042472;1.3.16
W4030411;1.3.16
W4043008;1.3.16
W4030439;1.3.19
W4030156;1.3.21
W4030117;1.3.21
W4030054;1.3.21
W4030141;1.3.21
W4030126;1.3.21
W4030158;1.3.21
W4030276;1.3.21
W4030040;1.3.21
W4022435;2.1.18
W4022433;2.1.22
W4030413;2.1.27
W4030191;2.0.20
W4043051;2.2.14
W4043060;3.3.14
W4022411;2.3.14
W4022416;2.3.14
W4030412;2.1.18
W4030213;4.0.24
W4030123;4.0.26
W4030215;4.0.22
W4028430;1.U.21
W4028575;1.U.21
W4027375;1.U.21
W4027376;1.U.21
W4027383;1.U.21
W4027389;1.U.21
W4027390;1.U.21
W4027449;1.U.21
W4028165;1.U.21
W4028204;1.U.21
W4028439;1.U.21
W4028466;1.U.21
W4028467;1.U.21
W4028469;1.U.21
W4028476;1.U.21
W4028477;1.U.21
W4028487;1.U.21
W4028489;1.U.21
W4028505;1.U.21
W4028507;1.U.21
W4028513;1.U.21
W4028523;1.U.21
W4028553;1.U.21
W4028558;1.U.21
W4028565;1.U.21
W4028566;1.U.21
W4028573;1.U.21
W4028522;1.U.21
W4027395;1.U.21
W4027394;1.U.21
W4027379;1.U.21
W4027391;1.U.21
W4027388;1.U.21
W4028500;5.3.24
W4028557;5.3.24
W4028555;5.3.24
W4045666;5.3.24
W4045696;5.2.16
W4045648;5.2.16
W4028529;5.2.16
W4022223;5.2.16
W4022216;5.2.16
W4022230;5.2.16
W4028539;5.2.18
W4028611;5.2.18
W4028541;5.2.18
W4028608;5.2.18
W4028544;5.2.18
W4028609;5.2.18
W4028620;5.2.18
W4028536;5.2.18
W4028616;5.2.18
W4028610;5.2.18
W4028621;5.2.18
W4028614;5.2.18
W4028623;5.2.18
W4028622;5.2.18
W4028540;5.2.18
W4028542;5.2.18
W4028535;5.2.18
W4028538;5.2.18
W4028537;5.2.18
W4028615;5.2.18
W4028543;5.2.18
W4028602;5.2.18
W4045723;5.2.20
W4045722;5.2.20
W4045737;5.2.20
W4045726;5.2.20
W4045724;5.2.20
W4045719;5.2.20
W4045727;5.2.20
W4045739;5.2.20
W4045720;5.2.20
W4045731;5.2.20
W4045738;5.2.20
W4045734;5.2.20
W4045735;5.2.20
W4045728;5.2.20
W4045729;5.2.20
W4045725;5.2.20
W4045730;5.2.20
W4045732;5.2.20
W4045736;5.2.20
W4045721;5.2.20
W4045733;5.2.20
W4045805;5.1.17
W4045667;5.1.23
W4028438;5.1.21
W4045684;5.1.22
W4045631;5.1.22
W4045626;5.1.22
W4045680;5.1.22
W4045630;5.1.22
W4045689;5.1.18
W4045655;5.1.22
W4045700;5.1.24
W4045681;5.1.24
W4028498;5.1.24
W4045712;5.1.18
W4045711;5.1.24
W4045697;5.1.24
W4045715;5.1.24
W4045691;5.1.24
W4045668;5.2.15
W4045676;5.1.24
W4045692;5.1.24
W4028490;5.1.26
W4022199;5.1.26
W4045705;5.1.31
W4028484;5.1.29
W4028533;5.1.26
W4045669;5.1.25
W4022206;5.1.26
W4045643;5.3.13
W4028482;5.3.13
W4045698;5.3.13
W4022198;5.3.13
W4022196;5.3.13
W4022227;5.3.14
W4045687;5.3.14
W4045683;5.3.14
W4045634;5.3.14
W4022229;5.3.14
W4022219;5.3.14
W4045677;5.3.16
W4028571;5.3.16
W4022224;5.3.16
W4022194;5.3.16
W4028568;5.3.16
W4028210;5.0.17
W4028486;5.0.17
W4028556;5.0.17
W4028563;5.0.17
W4028470;5.0.17
W4028475;5.0.17
W4028169;5.0.17
W4028586;5.0.17
W4028481;5.0.17
W4028468;5.0.17
W4028574;5.0.17
W4028585;5.0.17
W4028552;5.0.17
W4028192;5.0.20
W4028590;5.0.17
W4028578;5.0.17
W4028473;5.0.17
W4028440;5.0.17
W4028472;5.0.17
W4028478;5.0.17
W4028554;5.0.21
W4028561;5.0.17
W4045685;5.0.20
W4045714;5.0.20
W4045709;5.0.20
W4045716;5.0.20
W4045639;5.0.20
W4045717;5.0.20
W4045704;5.0.20
W4045671;5.0.20
W4045654;5.0.20
W4045703;5.0.20
W4045635;5.0.20
W4045657;5.0.20
W4045674;5.0.20
W4045693;5.0.20
W4045718;5.0.20
W4045636;5.0.20
W4045673;5.0.20
W4045627;5.0.20
W4045699;5.0.20
W4045629;5.0.20
W4045637;5.0.20
W4045647;5.0.20
W4028483;5.0.19
W4028521;5.0.26
W4045646;5.1.13
W4045670;5.1.14
W4022207;5.2.13
W4022210;5.2.14
W4022197;5.2.14
W4028547;5.2.15
W4022213;5.2.14
W4045633;5.2.14
W4045688;5.1.24
W4045658;5.2.14
W4045628;5.2.15
W4022204;5.2.15
W4028559;5.2.15
W4045625;5.2.17
W4028519;5.2.17
W4045701;5.2.17
W4045652;5.2.17
W4045632;5.2.17
W4045656;5.2.17
W4028518;5.2.19
W4045694;5.3.19
W4045660;5.3.19
W4028480;5.2.19
W4028508;5.2.13
W4028493;5.2.22
W4028572;5.2.22
W4028524;5.2.22
W4028504;5.2.22
W4028570;5.2.22
W4022222;5.2.22
W4022201;5.3.19
W4022193;5.2.22
W4022192;5.2.22
W4045641;5.2.22
W4028525;5.2.22
W4028577;5.2.22
W4022220;5.2.21
W4028497;5.2.21
W4028527;5.2.21
W4045642;5.2.21
W4045706;5.2.21
W4045651;5.2.21
W4028509;5.2.21
W4028503;5.2.21
W4028562;5.2.21
W4022209;5.2.23
W4045665;5.2.21
W4028491;5.2.24
W4028520;5.3.22
W4045664;5.2.24
W4028580;5.3.21
W4028200;5.2.25
W4045663;5.2.25
W4045695;5.2.25
W4028492;5.3.22
W4028510;5.2.24
W4045649;5.3.22
W4028532;5.3.23
W4022232;5.3.23
W4028560;5.3.23
W4045662;5.3.23
W4022202;5.3.25
W4028591;5.3.25
W4028506;5.3.25
W4022225;5.3.27
W4022228;5.3.25
W4028526;5.3.25
W4028515;5.2.21
W4022212;5.3.26
W4022226;5.3.26
W4028530;5.3.26
W4028576;5.3.26
W4028479;5.3.26
W4022195;5.3.27
W4022231;1.U.19
W4022211;5.3.15
W4045661;5.3.15
W4022205;5.3.15
W4028441;5.3.15
W4045675;5.3.15
W4028528;5.3.15
W4022215;5.2.13
W4022203;5.2.13
W4045645;5.2.13
W4045650;5.3.19
W4045679;5.3.19
W4045707;5.0.20
W4045638;5.0.20
W4028501;5.3.27
W4028421;5.3.27
W4028511;5.2.25
W4022214;5.3.16
W4028499;5.3.23
W4027157;5.0.15
W4045644;5.0.20
W4045713;5.0.20
W4028514;5.0.20
W4028569;5.0.17
W4028564;5.0.17
W4045710;5.1.18
W4045640;5.1.18
W4045672;5.1.18
W4045686;5.1.18
W4045659;5.1.18
W4028579;5.1.22
W4028494;5.3.19
W4028496;5.3.27
W4028551;5.0.18
W4045702;5.3.18
W4022208;5.3.20
W4028471;5.3.20
W4045653;5.0.18
W4028474;5.3.20
W4028531;5.3.20
W4022217;5.0.18
W4028495;5.3.20
W4045678;5.3.22
W4045708;5.3.22
W4011729;5.1.26
W4022200;5.3.17
